rank,method,best_score,mean_trial_score,median_trial_score,std_trial_score,worst_trial_score,total_time_sec,mean_trial_time_sec,mean_simulation_time_sec,mean_score_calc_time_sec,n_trials_total,n_trials_complete,best_certainty,best_effectiveness
1,random,0.0,0.00005690000000000001,0.000054999999999999995,0.00002485086832619047,0.00011999999999999999,556.4676442170166,5.539025636580191,5.529798367741169,0.003413729441235773,100,100,0.5465513839029497,0.9486078789766634
2,cmaes,0.00001,0.000053400000000000004,0.00005,0.000022751179345611112,0.00011999999999999999,540.1730405499693,5.3759431948594285,5.358466759396252,0.003593398020020686,100,100,0.97562918915332,0.5181274621747493
3,ga,0.00001,0.00005739999999999999,0.000054999999999999995,0.00002484781965111107,0.00011999999999999999,557.858955557982,5.552995589907514,5.535375536099309,0.0032594916882226245,100,100,0.8659969709057025,0.7993292420985183
4,gpr,0.00001,0.00002760000000000001,0.00002,0.000015250103493604775,0.00008999999999999999,570.9821166499751,5.684507070239051,5.407225448634126,0.0031686574005289005,100,100,0.8659969709057025,0.7993292420985183
