rank,method,best_score,mean_trial_score,median_trial_score,std_trial_score,worst_trial_score,total_time_sec,mean_trial_time_sec,mean_simulation_time_sec,mean_score_calc_time_sec,n_trials_total,n_trials_complete,best_certainty,best_effectiveness
1,cmaes,0.000011243851018973999,0.00002511595221363317,0.000024595924104005622,6.4936533696013255e-6,0.000044975404075895996,2231.613909656997,22.289434368617368,22.271486588548868,0.003922961341449991,100,100,0.9124817788563351,0.9441215149884041
2,random,0.000012649332396345747,0.000029023190442726635,0.000029515108924806747,7.5947374593757725e-6,0.00004919184820801124,2205.9091586010763,22.032531103858492,22.022779637060594,0.003914334552828223,100,100,0.8629778394351197,0.9485551299762885
3,gpr,0.000014054813773717499,0.00002085734364019677,0.000019676739283204498,5.215855050516756e-6,0.00004216444132115249,2212.7761633510236,22.102098256106256,21.663779348509852,0.0032359339587856085,100,100,0.5080293153166033,0.9269859152486077
4,ga,0.000014054813773717499,0.010029205903021787,0.000029515108924806747,0.09999705018484689,1.0,2500.468595246086,24.974804433915995,25.20634397109994,0.0040088145972483535,100,100,0.9037200775820313,0.9480456499617467
