order,pool,node_count,communities_touched,largest_comm_count,largest_comm_ratio,degree_mean,degree_median,degree_p90,degree_max,external_degree_mean,external_degree_median,external_degree_p90,external_degree_max,external_ratio_mean,external_ratio_median,external_ratio_p90,external_ratio_max,participation_mean,participation_median,participation_p90,participation_max,betweenness_mean,betweenness_median,betweenness_p90,betweenness_max
rust_indexes_by_level,top20,808,7,340,0.4207920792079208,36.82920792079208,18.0,106.29999999999995,347.0,0.3935643564356436,0.0,1.0,53.0,0.008945361536991775,0.0,0.024765478424014952,0.39849624060150374,0.015980263566967183,0.0,0.04851185133297426,0.559895980552886,0.0003469484564224111,7.202627115482951e-07,4.984705213517138e-05,0.1435912031121077
rust_indexes_by_level,middle20,808,10,493,0.6101485148514851,30.85891089108911,19.0,70.0,755.0,1.8032178217821782,0.0,4.0,333.0,0.03338103645201027,0.0,0.09774193548387083,0.75,0.050070437338916265,0.0,0.17637252861602482,0.71875,0.0010670406555004907,1.1629724747254782e-06,0.0001338106911044758,0.26841931972484817
rust_indexes_by_level,bottom20,808,5,425,0.525990099009901,33.95173267326733,23.0,78.0,137.0,0.4814356435643564,0.0,1.0,19.0,0.018996130078641007,0.0,0.058823529411764705,0.3333333333333333,0.03358107968398146,0.0,0.11072664359861584,0.4444444444444444,4.668335410379051e-05,2.2238186039130478e-06,2.9379079043279962e-05,0.02791543365240568
