network,pool,node_count,target_largest_comm_ratio,largest_comm_ratio,largest_comm_ratio_abs_error,target_communities_touched,communities_touched,target_degree_mean,degree_mean,degree_median,target_external_ratio_mean,external_ratio_mean,external_ratio_median,external_ratio_abs_error,external_degree_mean,target_participation_mean,participation_mean,participation_abs_error,target_betweenness_mean,betweenness_mean,anchor_community,anchor_count
lfr_mu02_seed1,top20,200,0.4207920792079208,0.42,0.0007920792079207928,7,7,36.82920792079208,34.415,31.0,0.008945361536991775,0.010394420227615764,0.0,0.0014490586906239899,0.455,0.015980263566967183,0.020153074398642615,0.004172810831675432,0.0003469484564224111,0.0006489484593038982,7,84
lfr_mu02_seed1,middle20,200,0.6101485148514851,0.61,0.00014851485148514865,10,10,30.85891089108911,37.695,32.0,0.03338103645201027,0.026514721088457587,0.030303030303030304,0.006866315363552686,1.005,0.050070437338916265,0.05122387163249699,0.001153434293580724,0.0010670406555004907,0.0014905476206890584,8,122
lfr_mu02_seed1,bottom20,200,0.525990099009901,0.525,0.000990099009900991,5,5,33.95173267326733,38.285,33.0,0.018996130078641007,0.018976444446518543,0.01951265943270512,1.9685632122463936e-05,0.82,0.03358107968398146,0.03661437377487435,0.0030332940908928893,4.668335410379051e-05,0.001545729806196324,12,105
lfr_mu02_seed3,top20,200,0.4207920792079208,0.42,0.0007920792079207928,7,7,36.82920792079208,37.53,30.0,0.008945361536991775,0.010331545446221349,0.0,0.0013861839092295745,0.525,0.015980263566967183,0.020095842036798168,0.004115578469830985,0.0003469484564224111,0.0010681711469105674,2,84
lfr_mu02_seed3,middle20,200,0.6101485148514851,0.61,0.00014851485148514865,10,10,30.85891089108911,37.55,33.0,0.03338103645201027,0.027521704577473757,0.030303030303030304,0.005859331874536515,1.02,0.050070437338916265,0.053141865768813454,0.0030714284298971883,0.0010670406555004907,0.001569989211415863,9,122
lfr_mu02_seed3,bottom20,200,0.525990099009901,0.525,0.000990099009900991,5,5,33.95173267326733,34.755,31.5,0.018996130078641007,0.017323831942939204,0.017105263157894735,0.001672298135701803,0.635,0.03358107968398146,0.0335027712986264,7.830838535505952e-05,4.668335410379051e-05,0.0011077686290396113,0,105
