network,strategy,total_agents,mean_final_selfish_ratio,max_final_selfish_ratio,peak_mean_selfish_ratio,mean_total_shared_ratio_misinformation,mean_total_viewed_ratio_misinformation,mean_total_fst_viewed_ratio_misinformation,mean_total_shared_ratio_corrective,mean_total_viewed_ratio_corrective,mean_total_fst_viewed_ratio_corrective,mean_total_shared_ratio_observational,mean_total_viewed_ratio_observational,mean_total_fst_viewed_ratio_observational,mean_total_shared_ratio_behavior_guiding,mean_total_viewed_ratio_behavior_guiding,mean_total_fst_viewed_ratio_behavior_guiding
facebook,balance,4039,4.7041346868036646e-05,0.0004951720722951226,0.06784600148551621,0.34562267888091114,9.090259965337955,2.1676206981926223,0.33659074028224806,8.533696459519684,3.378999752413964,0.12665263679128497,3.432442023603202,0.35674671948502107,0.23842040108937856,8.25595692002971,2.1878484773458777
facebook,effective_high,4039,2.475860361475613e-05,0.0009903441445902451,0.0675835602871998,0.3469447883139391,9.126370388710077,2.1664100024758604,0.33527358256994305,8.503708838821492,3.3457167615746473,0.13791532557563752,3.621832136667492,0.3955781133944046,0.23285961871750432,8.02894280762565,2.161020054468928
facebook,certainty_high,4039,7.179995048279277e-05,0.0007427581084426838,0.06777172567467195,0.3478237187422629,9.148192621936124,2.1795642485763804,0.33702401584550634,8.529593958900717,3.325607823718742,0.14344663341939895,3.7391386363904315,0.41721784034237613,0.25120079227531567,8.629893538004456,2.249492448625898
