rank,method,best_score,mean_trial_score,median_trial_score,std_trial_score,worst_trial_score,best_certainty,best_effectiveness
1,cmaes,0.000011243851018973999,0.00002511595221363317,0.000024595924104005622,6.4936533696013255e-6,0.000044975404075895996,0.9124817788563351,0.9441215149884041
2,random,0.000012649332396345747,0.000029023190442726635,0.000029515108924806747,7.5947374593757725e-6,0.00004919184820801124,0.8629778394351197,0.9485551299762885
3,gpr,0.000014054813773717499,0.00002085734364019677,0.000019676739283204498,5.215855050516756e-6,0.00004216444132115249,0.5080293153166033,0.9269859152486077
4,ga,0.000014054813773717499,0.010029205903021787,0.000029515108924806747,0.09999705018484689,1.0,0.9037200775820313,0.9480456499617467
