rank,method,total_time_sec,mean_trial_time_sec,mean_simulation_time_sec,mean_score_calc_time_sec,n_trials_total,n_trials_complete
1,cmaes,2231.613909656997,22.289434368617368,22.271486588548868,0.003922961341449991,100,100
2,random,2205.9091586010763,22.032531103858492,22.022779637060594,0.003914334552828223,100,100
3,gpr,2212.7761633510236,22.102098256106256,21.663779348509852,0.0032359339587856085,100,100
4,ga,2500.468595246086,24.974804433915995,25.20634397109994,0.0040088145972483535,100,100
