rank,method,best_score,mean_trial_score,median_trial_score,std_trial_score,worst_trial_score,best_certainty,best_effectiveness
1,cmaes,0.000014855162168853676,0.000048378311463233477,0.000048279277048774455,0.00001122467260599289,0.00006932409012131716,0.8023887944199164,0.8429600702632805
2,gpr,0.00001733102253032929,0.00004610051993067593,0.00004456548650656103,6.600230757821971e-6,0.00006437236939836594,0.5809335802500349,0.5631692672834638
3,ga,0.00001733102253032929,0.000043476107947511764,0.000047041346868036646,0.000011794384804786564,0.00006932409012131716,0.5704621124873813,0.9010984903770198
4,random,0.00001733102253032929,0.00004545679623669226,0.00004951720722951226,0.000013145938005072858,0.00007427581084426839,0.5704621124873813,0.9010984903770198
