{
  "method": "GPR",
  "network": "ba_1000",
  "n_trials_total": 100,
  "n_trials_complete": 100,
  "total_optimization_sec": 570.9821166499751,
  "mean_trial_sec": 5.684507070239051,
  "mean_simulation_sec": 5.407225448634126,
  "mean_score_sec": 0.0031686574005289005,
  "best_score": 1e-05,
  "best_params": {
    "certainty": 0.8659969709057025,
    "effectiveness": 0.7993292420985183
  },
  "timing_csv": "/home/e25m5333/cap-sn/optimize_test_ba_1000/gpr/logs/timing_gpr.csv"
}